section,filename,subject / accurate scope
cover,cover-hiking.webp,cover-yosemite.webp
cover,cover-fruit.webp,cover-lime.webp
cover,cover-graduation.webp,cover-graduation.webp
cover,cover-bird.webp,cover-seagull.webp
chapter,chapter-about.webp,about-tennis.webp
chapter,chapter-research.webp,research-lab.webp
chapter,chapter-engineering.webp,tacc-1.jpg
chapter,chapter-journal.webp,postcard-surf.webp
about,about-coast.webp,journal-la-jolla.webp
about,about-campus-art.webp,guitar-practice-home.webp
research,research-clusters.webp,IMG_8767.jpeg
research,research-jacobs.webp,IMG_0215.jpeg
research,research-motion.webp,actor-copia-1200x1200.jpg.webp
engineering,engineering-building.webp,SME Bldg.jpg
engineering,engineering-industry.webp,supermicro-lobby.webp
journal,journal-hike.webp,half-dome-cables.webp
journal,journal-sunset.webp,postcard-sunset.webp
journal,journal-snorkel.webp,journal-snorkeling.webp
journal,journal-bloom.webp,big-pine-lakes.webp
journal,journal-court.webp,journal-courts.webp
journal,journal-campus.webp,ucsd-dusk-view.webp
